title,rating,old_price,old_cents,new_price,new_cents,is_free_ship,is_full,is_ads,page,search:
Lustre Led Moderno Pendente Anéis Led 89w 3 Arcos Dourado 110v/220v,4.4,298,11,33,,Frete grátis,,,1,https://lista.mercadolivre.com.br/lustre-mdf-pendente
Luminária Rustica Roda De Carroça Pendente Lustre De Teto,,189,90,165,21,Frete grátis,Enviado pelo,,1,https://lista.mercadolivre.com.br/lustre-mdf-pendente
Luminária Lustre Pendente Madeira 18x21cm - Espaço Da Luz 5970,4.8,28,05,2,72,,Enviado pelo,,1,https://lista.mercadolivre.com.br/lustre-mdf-pendente
Lustre Pendente Turin Mdf E27 21x18cm Natural 100w,4.4,24,50,,,,Enviado pelo,,1,https://lista.mercadolivre.com.br/lustre-mdf-pendente
Kit 2 Pendente Tubo Cilindro Alumínio Preto 50cm +led Quente 110v/220v,4.7,159,90,139,11,Frete grátis,Enviado pelo,,1,https://lista.mercadolivre.com.br/lustre-mdf-pendente
Luminária Pendente Via Láctea Modelo Ripado Cor Mdf Cru,3.6,105,80,10,28,Frete grátis,Enviado pelo,,1,https://lista.mercadolivre.com.br/lustre-mdf-pendente
Pendente Luminária Lustre Em Mdf Cru Coquinho 1 Peça,4.6,19,99,18,99,,Enviado pelo,,1,https://lista.mercadolivre.com.br/lustre-mdf-pendente
Kit 2 Pendentes Luminária De Madeira Mdf Cozinha Rustica,4.4,139,93,120,23,Frete grátis,Enviado pelo,,1,https://lista.mercadolivre.com.br/lustre-mdf-pendente
Luminária Plafon Madeira Copacabana 40cm - 36.18,5.0,530,94,398,20,Frete grátis,,,1,https://lista.mercadolivre.com.br/lustre-mdf-pendente
Kit 2  Luminária Roda De Carroça Rustica Gigante Pendente  ,4.9,880,20,792,,Frete grátis,Enviado pelo,Patrocinado,1,https://lista.mercadolivre.com.br/lustre-mdf-pendente
Kit 3 Pendentes Lustre Luminária De Teto China (32x12cm),4.8,134,99,33,75,Frete grátis,Enviado pelo,Patrocinado,1,https://lista.mercadolivre.com.br/lustre-mdf-pendente
Kit 03 Pendentes Luminárias De Madeira Rústica Decoração Mdf,4.6,94,90,31,63,Frete grátis,,Patrocinado,1,https://lista.mercadolivre.com.br/lustre-mdf-pendente
Luminária Lustre Pendente Rústico Madeira Corrente 44cm,4.7,169,80,33,,Frete grátis,Enviado pelo,,1,https://lista.mercadolivre.com.br/lustre-mdf-pendente
Luminária Lustre Pendente Rústico Madeira 30 Cm Com Corrente,4.8,145,25,36,,Frete grátis,Enviado pelo,,1,https://lista.mercadolivre.com.br/lustre-mdf-pendente
Kit 2 Pendentes Lustre Luminária De Teto Roma (12x21cm),4.7,78,99,7,68,,Enviado pelo,,1,https://lista.mercadolivre.com.br/lustre-mdf-pendente
Kit 2 Luminaria Marrom Mdf Pendente Area Churrasco/cozinha,4.4,78,99,7,68,,Enviado pelo,,1,https://lista.mercadolivre.com.br/lustre-mdf-pendente
Luminárias Tipo G   Madeira 42 X 43 Varanda Area Gourmet,,49,99,4,85,,,,1,https://lista.mercadolivre.com.br/lustre-mdf-pendente
Luminária Pendente Berlim Modelo Ripado - Cor Mdf Cru,4.1,95,60,9,29,Frete grátis,,,1,https://lista.mercadolivre.com.br/lustre-mdf-pendente
Kit 3 Pendentes Luminária De Teto China (12x32cm),4.8,119,99,11,66,Frete grátis,Enviado pelo,Patrocinado,1,https://lista.mercadolivre.com.br/lustre-mdf-pendente
Kit 2 Pendentes Luminária De Madeira Mdf Cozinha Rustica,4.4,139,93,120,23,Frete grátis,Enviado pelo,Patrocinado,1,https://lista.mercadolivre.com.br/lustre-mdf-pendente
Kit 2 Pendentes Lustre Luminária De Teto Rússia P (20x23cm),4.5,74,99,7,29,,Enviado pelo,Patrocinado,1,https://lista.mercadolivre.com.br/lustre-mdf-pendente
Luminária Pendente Rustica Lustre Roda De Carroça,4.6,439,90,353,40,Frete grátis,,,1,https://lista.mercadolivre.com.br/lustre-mdf-pendente
Lustre De Madeira Ripado Redondo Amêndola 50cm,4.8,649,45,542,24,Frete grátis,Enviado pelo,,1,https://lista.mercadolivre.com.br/lustre-mdf-pendente
Luminária Teto Tipo Pendente Casablanca Mdf,4.2,128,60,12,50,Frete grátis,,,1,https://lista.mercadolivre.com.br/lustre-mdf-pendente
Luminária Simples Teto Coquinho Pp Mdf Baixo Custo,4.4,22,99,21,84,,Enviado pelo,,1,https://lista.mercadolivre.com.br/lustre-mdf-pendente
4 Pendente Luminaria Area Gourmet De Churrasco Rustico Mdf ,4.0,98,90,32,97,Frete grátis,,,1,https://lista.mercadolivre.com.br/lustre-mdf-pendente
Lustre Led Pendente Moderno 3 Arcos Anéis 89w 60cm 5 Cores Cor Dourado 110v/220v,4.9,379,90,36,83,Frete grátis,,,1,https://lista.mercadolivre.com.br/lustre-mdf-pendente
Luminária Pendente Triplo Madeira Nacar 18cm Cr Rústico,,114,90,38,30,Frete grátis,,,1,https://lista.mercadolivre.com.br/lustre-mdf-pendente
Luminária Teto Tipo Pendente Em Mdf Lustre Promoção,4.2,54,99,43,99,,Enviado pelo,,1,https://lista.mercadolivre.com.br/lustre-mdf-pendente
Luminária Pendente De Madeira Orgânico Amêndola Parda 70 Cm,4.6,799,15,643,32,Frete grátis,Enviado pelo,,1,https://lista.mercadolivre.com.br/lustre-mdf-pendente
Kit 2  Luminária Roda De Carroça Rustica Gigante Pendente  ,4.9,880,20,792,,Frete grátis,Enviado pelo,,1,https://lista.mercadolivre.com.br/lustre-mdf-pendente
Kit 03 Pendentes Luminárias De Madeira Rústica Decoração Mdf,4.6,94,90,31,63,Frete grátis,,,1,https://lista.mercadolivre.com.br/lustre-mdf-pendente
Pendente Wood Retangular T8 64x13cm - 1 Ou 2 Luzes - Freijo,,226,29,32,,Frete grátis,,,1,https://lista.mercadolivre.com.br/lustre-mdf-pendente
3 Pendente Lustre Luminária Madeira Gg Área Gourmet,4.3,90,,30,,Frete grátis,,,1,https://lista.mercadolivre.com.br/lustre-mdf-pendente
Luminária pingente led de teto E-led Pendente Bali 21x18 cor café 110V/220V,,29,99,15,,,Enviado pelo,,1,https://lista.mercadolivre.com.br/lustre-mdf-pendente
Kit 2 Pendentes Luminárias Madeira Mdf Rústico Sofisticado,,78,90,39,45,,Enviado pelo,,1,https://lista.mercadolivre.com.br/lustre-mdf-pendente
Luminária Pendente Centauro Modelo Ripado,,133,90,13,02,Frete grátis,,,1,https://lista.mercadolivre.com.br/lustre-mdf-pendente
Luminária Lustre Pendente Madeira 25x30cm Médio Marrom Preto 110v/220v,4.4,89,90,29,97,Frete grátis,Enviado pelo,,1,https://lista.mercadolivre.com.br/lustre-mdf-pendente
3 Pendente De Madeira Retrô Luminária Lustre 28 X 34 Cm Cru,4.0,88,90,29,63,Frete grátis,,,1,https://lista.mercadolivre.com.br/lustre-mdf-pendente
Kit 3 Pendentes Luminária De Teto China (12x32cm),4.8,119,99,11,66,Frete grátis,Enviado pelo,,1,https://lista.mercadolivre.com.br/lustre-mdf-pendente
3 Pendente Luminária Lustre G Em Madeira Rustica Mdf E27,3.9,100,72,9,,Frete grátis,,,1,https://lista.mercadolivre.com.br/lustre-mdf-pendente
Lustre Pendente Madeira Redondo 60x16cm,5.0,569,99,57,,Frete grátis,,,1,https://lista.mercadolivre.com.br/lustre-mdf-pendente
Lustre Pendente Madeira Quadrado 25cm Freijó 110V/220V,5.0,207,99,34,66,Frete grátis,,,1,https://lista.mercadolivre.com.br/lustre-mdf-pendente
Pendente De Teto Decoração Casa Mdf Kit 10 Pçs Laser Preto,4.4,199,90,173,91,Frete grátis,,,1,https://lista.mercadolivre.com.br/lustre-mdf-pendente
Luminária pingente led de teto E-led Pendente Bali 21x18 110V/220V,,18,38,,,,Enviado pelo,,1,https://lista.mercadolivre.com.br/lustre-mdf-pendente
Luminárias Tipo G   Madeira 42 X 43 Varanda E Espaço Gourmet,4.5,59,55,46,51,,Enviado pelo,,1,https://lista.mercadolivre.com.br/lustre-mdf-pendente
Luminária pingente led de teto E-led Pendente Bali 21x18 cor caramelo 110V/220V,4.0,20,62,,,,Enviado pelo,,1,https://lista.mercadolivre.com.br/lustre-mdf-pendente
Luminárias Tipo G   Madeira 42 X 43 Varanda E Espaço Churras,,49,99,4,85,,,,1,https://lista.mercadolivre.com.br/lustre-mdf-pendente
Lustre Luminária Pendente De Madeira Modelo Rouxinol,4.8,399,90,319,92,Frete grátis,Enviado pelo,,1,https://lista.mercadolivre.com.br/lustre-mdf-pendente
Lumin ria Pendente T¢quio Modelo Ripado - Cor Marrom,,42,10,4,08,,,,1,https://lista.mercadolivre.com.br/lustre-mdf-pendente
Luminária Lustre Pendente Duplo De Madeira,4.9,99,90,33,30,Frete grátis,Enviado pelo,,1,https://lista.mercadolivre.com.br/lustre-mdf-pendente
Kit 3 Pendentes Lustre Luminária De Teto China (32x12cm),4.8,134,99,33,75,Frete grátis,Enviado pelo,,1,https://lista.mercadolivre.com.br/lustre-mdf-pendente
Lumin ria Pendente Sirius Modelo Ripado - Cor Mdf Cru,5.0,54,90,5,34,,,,1,https://lista.mercadolivre.com.br/lustre-mdf-pendente
Luminária Rustica Roda De Carroça Pendente Lustre De Teto Grande,4.4,379,90,36,83,Frete grátis,Enviado pelo,,1,https://lista.mercadolivre.com.br/lustre-mdf-pendente
Luminária Pendente Centauro Modelo Ripado - Cor Marrom 110V/220V,4.2,133,90,13,02,Frete grátis,,Patrocinado,2,https://lista.mercadolivre.com.br/lustre-mdf-pendente
Kit 2  Luminária Roda De Carroça Rustica Gigante Pendente  ,4.9,880,20,792,,Frete grátis,Enviado pelo,Patrocinado,2,https://lista.mercadolivre.com.br/lustre-mdf-pendente
Kit 3 Pendentes Luminária De Teto China (12x32cm),4.8,119,99,11,66,Frete grátis,Enviado pelo,Patrocinado,2,https://lista.mercadolivre.com.br/lustre-mdf-pendente
Lustre Pendente Luminaria Led Smd 40w Design Moderno Luz3em1,,680,80,578,,Frete grátis,Enviado pelo,,2,https://lista.mercadolivre.com.br/lustre-mdf-pendente
Lustre Pendente Sala Grande Luminária De Teto Madeira,4.4,44,99,42,74,,Enviado pelo,,2,https://lista.mercadolivre.com.br/lustre-mdf-pendente
Luminária Lustre Pendente Madeira 18x21cm Rosa,,59,90,5,82,,Enviado pelo,,2,https://lista.mercadolivre.com.br/lustre-mdf-pendente
Pendente De Teto De Madeira Mdf 30cm Rústico Gota,4.8,44,90,4,35,,Enviado pelo,,2,https://lista.mercadolivre.com.br/lustre-mdf-pendente
Luminária Rústica Lustre Pendente Caibro Canga De Boi Bivolt,,284,90,247,86,Frete grátis,Enviado pelo,,2,https://lista.mercadolivre.com.br/lustre-mdf-pendente
Luminária Lustre Pendente Madeira Redondo Munique 40cm,4.0,49,90,35,15,,Enviado pelo,,2,https://lista.mercadolivre.com.br/lustre-mdf-pendente
Kit 3 Pendentes Lustre Luminária De Teto China (32x12cm),4.8,134,99,33,75,Frete grátis,Enviado pelo,Patrocinado,2,https://lista.mercadolivre.com.br/lustre-mdf-pendente
Luminária Pendente Via Láctea Modelo Ripado Cor Mdf Cru,3.6,105,80,10,28,Frete grátis,Enviado pelo,Patrocinado,2,https://lista.mercadolivre.com.br/lustre-mdf-pendente
Kit 2 Pendentes Lustre Luminária De Teto Rússia P (20x23cm),4.5,74,99,7,29,,Enviado pelo,Patrocinado,2,https://lista.mercadolivre.com.br/lustre-mdf-pendente
Lustre Pendente Rustico Roda De Carroça Luminária Fazenda,4.8,189,90,167,11,Frete grátis,Enviado pelo,,2,https://lista.mercadolivre.com.br/lustre-mdf-pendente
Kit 3 Luminária Pendente De Teto Madeira Mdf Lustre Rústico ,4.3,77,90,51,30,,Enviado pelo,,2,https://lista.mercadolivre.com.br/lustre-mdf-pendente
Kit 2 Luminárias Pendentes Para Balcão Ecolume Mdf 20cmx20cm,4.8,58,98,51,31,,Enviado pelo,,2,https://lista.mercadolivre.com.br/lustre-mdf-pendente
Lustre Florença Mdf Pendente Área Churrasco/cozinha,4.4,49,99,41,80,,Enviado pelo,,2,https://lista.mercadolivre.com.br/lustre-mdf-pendente
Roda De Carroça Pendente Lustre Decoração Sítio Fazenda,4.4,189,90,169,01,Frete grátis,Enviado pelo,,2,https://lista.mercadolivre.com.br/lustre-mdf-pendente
Luminária Lustre De Teto Sala Pendente Madeira Mdf E27,4.7,369,90,222,71,Frete grátis,Enviado pelo,,2,https://lista.mercadolivre.com.br/lustre-mdf-pendente
Luminária Pendente Antares Modelo Ripado Cor Preta 110V/220V,2.8,76,80,7,46,,Enviado pelo,,2,https://lista.mercadolivre.com.br/lustre-mdf-pendente
Kit 3 Luminária Rústica De Madeira Mdf Pendente Torre 32cm,4.7,78,99,7,68,,Enviado pelo,,2,https://lista.mercadolivre.com.br/lustre-mdf-pendente
Kit 5 Luminária Pendente De Teto Madeira Mdf Lustre Rústico ,3.9,139,90,97,85,Frete grátis,Enviado pelo,,2,https://lista.mercadolivre.com.br/lustre-mdf-pendente
Lustre Pendente Roda De Carroça Gigante Luminária Qualidade,4.8,439,90,382,71,Frete grátis,Enviado pelo,,2,https://lista.mercadolivre.com.br/lustre-mdf-pendente
Lustre Decorativo Madeira Plafon Redondo Jabaquara 25cm,,385,17,288,88,Frete grátis,Enviado pelo,,2,https://lista.mercadolivre.com.br/lustre-mdf-pendente
Luminária Plafon Madeira Copacabana 40cm - 36.18,5.0,530,94,398,20,Frete grátis,,,2,https://lista.mercadolivre.com.br/lustre-mdf-pendente
Luminária Pendente Lustre De Madeira Mdf Sophia P,,129,90,120,80,Frete grátis,Enviado pelo,,2,https://lista.mercadolivre.com.br/lustre-mdf-pendente
Luminária Lustre Pendente Rústico Madeira 30 Cm Com Corrente,4.8,145,25,36,,Frete grátis,Enviado pelo,,2,https://lista.mercadolivre.com.br/lustre-mdf-pendente
Luminária Roda De Carroça Rustica Gigante Lustre Pendente,4.7,439,90,382,71,Frete grátis,Enviado pelo,,2,https://lista.mercadolivre.com.br/lustre-mdf-pendente
Luminária Pendente Lustre Roda Carroça Mdf Rústico Pequena,4.7,189,90,18,46,Frete grátis,Enviado pelo,,2,https://lista.mercadolivre.com.br/lustre-mdf-pendente
Luminárias Tipo G   Madeira 42 X 43 Varanda Area Gourmet,,49,99,4,85,,,,2,https://lista.mercadolivre.com.br/lustre-mdf-pendente
Luminária Pendente Berlim Modelo Ripado - Cor Mdf Cru,4.1,95,60,9,29,Frete grátis,,,2,https://lista.mercadolivre.com.br/lustre-mdf-pendente
Luminária Pendente Regina Em Mdf 20x14 Sthoudt,,37,90,24,63,,Enviado pelo,,2,https://lista.mercadolivre.com.br/lustre-mdf-pendente
Luminária Lustre Pendente Madeira 25x30cm Médio Marrom Preto 110V/220V,4.4,67,01,58,30,,,,2,https://lista.mercadolivre.com.br/lustre-mdf-pendente
Luminária Pendente Lustre De Madeira Mdf Modelo Orbit,,129,90,120,80,Frete grátis,Enviado pelo,,2,https://lista.mercadolivre.com.br/lustre-mdf-pendente
Luminária Teto Tipo Pendente Casablanca Mdf,4.2,128,60,12,50,Frete grátis,,,2,https://lista.mercadolivre.com.br/lustre-mdf-pendente
Luminária Pendente Lustre De Madeira Mdf Sophia G,5.0,129,90,120,80,Frete grátis,Enviado pelo,,2,https://lista.mercadolivre.com.br/lustre-mdf-pendente
4 Pendente Luminaria Area Gourmet De Churrasco Rustico Mdf ,4.0,98,90,32,97,Frete grátis,,,2,https://lista.mercadolivre.com.br/lustre-mdf-pendente
Lustre Led Pendente Moderno 3 Arcos Anéis 89w 60cm 5 Cores Cor Dourado 110v/220v,4.9,379,90,36,83,Frete grátis,,,2,https://lista.mercadolivre.com.br/lustre-mdf-pendente
Pendente Luminária Gm 34 Cm Varanda Sala De Jantar  ,4.6,78,97,47,40,,Enviado pelo,,2,https://lista.mercadolivre.com.br/lustre-mdf-pendente
Luminária Pendente Triplo Madeira Nacar 18cm Cr Rústico,,114,90,38,30,Frete grátis,,,2,https://lista.mercadolivre.com.br/lustre-mdf-pendente
Luminária Pendente De Madeira Orgânico Amêndola Parda 70 Cm,4.6,799,15,643,32,Frete grátis,Enviado pelo,,2,https://lista.mercadolivre.com.br/lustre-mdf-pendente
Pendente Cozinha Lustre Para Sala Jantar Madeira Mdf Rustico,4.8,78,90,59,67,,Enviado pelo,,2,https://lista.mercadolivre.com.br/lustre-mdf-pendente
Luminaria Pendente De Teto Redondo Grande E27 Pear 53x63 Cm,4.9,199,25,166,25,Frete grátis,Enviado pelo,,2,https://lista.mercadolivre.com.br/lustre-mdf-pendente
Luminária Teto Tipo Pendente Em Mdf - Completa 110v/220v,,93,40,9,08,Frete grátis,Enviado pelo,,2,https://lista.mercadolivre.com.br/lustre-mdf-pendente
Luminária Pendente Lustre De Madeira Mdf Modelo Pena,,129,90,122,10,Frete grátis,Enviado pelo,,2,https://lista.mercadolivre.com.br/lustre-mdf-pendente
Kit 03 Pendentes Luminárias De Madeira Rústica Decoração Mdf,4.6,94,90,31,63,Frete grátis,,,2,https://lista.mercadolivre.com.br/lustre-mdf-pendente
3 Pendente Lustre Luminária Madeira Gg Área Gourmet,4.3,90,,30,,Frete grátis,,,2,https://lista.mercadolivre.com.br/lustre-mdf-pendente
Pendente Wood Retangular T8 64x13cm - 1 Ou 2 Luzes - Freijo,,226,29,32,,Frete grátis,,,2,https://lista.mercadolivre.com.br/lustre-mdf-pendente
Luminárias Tipo G   Madeira 42 X 43 Varanda E Espaço Churras,,49,99,4,85,,,,2,https://lista.mercadolivre.com.br/lustre-mdf-pendente
Luminária Para Cozinha/area De Churrasco E Sala Rústica Mdf,,29,99,20,90,,Enviado pelo,,2,https://lista.mercadolivre.com.br/lustre-mdf-pendente
Luminária Pendente Centauro Modelo Ripado,,133,90,13,02,Frete grátis,,,2,https://lista.mercadolivre.com.br/lustre-mdf-pendente
3 Pendente De Madeira Retrô Luminária Lustre 28 X 34 Cm Cru,4.0,88,90,29,63,Frete grátis,,,2,https://lista.mercadolivre.com.br/lustre-mdf-pendente
3 Pendente Luminária Lustre G Em Madeira Rustica Mdf E27,3.9,100,72,9,,Frete grátis,,,2,https://lista.mercadolivre.com.br/lustre-mdf-pendente
Lustre Pendente Madeira Quadrado 25cm Freijó 110V/220V,5.0,207,99,34,66,Frete grátis,,,2,https://lista.mercadolivre.com.br/lustre-mdf-pendente
Lumin ria Pendente T¢quio Modelo Ripado - Cor Marrom,,42,10,4,08,,,,2,https://lista.mercadolivre.com.br/lustre-mdf-pendente
